{
  "BossStatus": "SemiBoss",
  "Compatibility": "Compatible",
  "Contributors": {
    "Audio": [ "BorisP" ],
    "Developer": [ "_Play_" ],
    "Manual": [ "rand06" ],
    "Manual graphics": [ "BorisP" ]
  },
  "DefuserDifficulty": "Easy",
  "Description": "Simulate a Dandy's World run throughout the bomb and submit the final amount of ichor gained. Tags: flower, floor, machines, submit, 24-squares",
  "ExpertDifficulty": "Hard",
  "Ignore": [ "+SolvesAtEnd,+NeedsOtherSolves,+SolvesWithOthers,+TimeDependent" ],
  "ModuleID": "dandysFloors",
  "MysteryModule": "MustNotBeHidden",
  "Name": "Dandy's Floors",
  "Origin": "Mods",
  "Published": "2025-01-31",
  "Quirks": "NeedsOtherSolves",
  "SortKey": "DANDY'SFLOORS",
  "SourceUrl": "https://github.com/llPlayll/KTANE-Dandys-Floors",
  "Souvenir": {
    "Explanation": "Souvenir could ask about the active enemies and the numbers of machines on each floor.",
    "Status": "Considered"
  },
  "SteamID": "3418062259",
  "Symbol": "Df",
  "Type": "Regular"
}